EmpId,Churn
786875,0
786625,0
784831,0
781014,1
787438,0
788279,0
783169,0
783239,0
786577,0
782402,0
780694,1
789445,0
791875,0
785075,0
792222,1
790754,0
792026,0
791270,0
790930,0
788206,0
782464,0
794920,1
782041,1
789142,0
780321,1
781947,1
794455,1
784071,0
794170,0
783880,0
781191,1
783000,0
788016,0
792188,1
790563,0
788948,0
780916,1
781745,1
789366,0
787265,0
790512,0
785297,0
791060,0
791640,0
790033,0
788625,0
780301,1
793743,0
780539,1
792526,1
784666,0
781525,1
783036,0
791552,0
785277,0
783143,0
785701,0
790682,0
795018,1
783613,0
783176,0
780403,1
793503,0
793010,0
788652,0
781084,1
790176,0
789045,0
785844,0
793138,0
794261,0
789415,0
783403,0
790661,0
783751,0
794754,1
787139,0
786257,0
782366,0
782368,0
794028,0
783011,0
785073,0
782912,0
783441,0
794485,1
782778,0
793375,0
785087,0
783581,0
786400,0
791602,0
788606,0
792670,1
787943,0
791903,0
789351,0
794766,1
782830,0
783859,0
794841,1
782957,0
781605,1
794572,1
788548,0
782471,0
785933,0
793885,0
791650,0
792446,1
782440,0
789991,0
793769,0
787715,0
781865,1
791365,0
794750,1
786197,0
787061,0
792745,1
785372,0
783820,0
794337,0
786851,0
786151,0
793683,0
785164,0
793050,0
794716,1
781641,1
781758,1
788745,0
784671,0
781554,1
789538,0
794330,0
788945,0
781158,1
782943,0
782856,0
792223,1
793991,0
787190,0
792438,1
787488,0
782509,0
792110,0
780442,1
791438,0
788004,0
783747,0
791176,0
780240,1
795072,1
782384,0
783477,0
794487,1
786399,0
792737,1
791778,0
788542,0
789179,0
781208,1
781055,1
794229,0
788820,0
782191,0
781763,1
785927,0
780888,1
794483,1
785030,0
784275,0
784282,0
788394,0
786570,0
783016,0
792655,1
781570,1
783475,0
784299,0
793794,0
790599,0
781162,1
784248,0
788574,0
786757,0
795104,1
792854,1
794506,1
794988,1
794720,1
788618,0
790119,0
783518,0
790988,0
791679,0
792216,1
791512,0
788197,0
781537,1
791156,0
785023,0
780887,1
793195,0
792945,0
793583,0
783010,0
790047,0
789201,0
790867,0
783808,0
794315,0
781036,1
792979,0
785967,0
791335,0
782569,0
791644,0
794505,1
790551,0
786083,0
783071,0
793072,0
789391,0
786673,0
789129,0
784141,0
789927,0
791775,0
792543,1
790367,0
784552,0
790955,0
787097,0
781674,1
785430,0
782714,0
782280,0
781238,1
782114,1
788769,0
795141,1
784698,0
783217,0
784227,0
794631,1
791311,0
790344,0
789751,0
791719,0
794579,1
781498,1
785888,0
786326,0
788604,0
781273,1
781685,1
783095,0
792547,1
790197,0
783787,0
787038,0
783765,0
792196,1
784848,0
784249,0
781784,1
794812,1
788383,0
785533,0
787205,0
791548,0
793787,0
783166,0
792311,1
785792,0
787880,0
787925,0
794530,1
780251,1
792696,1
785190,0
794466,1
791022,0
788524,0
781187,1
789506,0
781896,1
793589,0
787056,0
793024,0
783599,0
781738,1
789051,0
784891,0
793390,0
785177,0
780438,1
786816,0
791732,0
786732,0
787084,0
792213,1
784616,0
781775,1
788298,0
780503,1
792563,1
783767,0
780718,1
781066,1
786646,0
794063,0
783109,0
792879,1
783836,0
787904,0
794308,0
791164,0
781731,1
795092,1
781550,1
781682,1
783229,0
793719,0
790514,0
781776,1
782677,0
782379,0
780639,1
783440,0
784241,0
780531,1
794284,0
783120,0
789982,0
791530,0
785798,0
780509,1
789570,0
788450,0
787298,0
780199,1
789512,0
792099,0
791902,0
780860,1
787649,0
792037,0
780988,1
785070,0
782494,0
785879,0
791180,0
784590,0
787691,0
786260,0
792613,1
787072,0
790051,0
793232,0
793126,0
790190,0
792738,1
787990,0
792285,1
788187,0
791031,0
790386,0
785714,0
786066,0
784209,0
783459,0
785071,0
788358,0
788484,0
790985,0
787861,0
784894,0
785881,0
787311,0
781406,1
785461,0
781627,1
794533,1
783272,0
793227,0
789397,0
786714,0
794493,1
787871,0
791994,0
790700,0
780456,1
782475,0
789144,0
786615,0
785357,0
794523,1
784149,0
794228,0
793877,0
790550,0
781891,1
791651,0
789616,0
783854,0
792305,1
785570,0
788293,0
782319,0
781545,1
786786,0
782695,0
789780,0
787670,0
786987,0
781422,1
782292,0
786486,0
786678,0
792257,1
792716,1
794862,1
788322,0
783531,0
787054,0
793565,0
785720,0
792314,1
784043,0
793901,0
785543,0
794086,0
782542,0
793831,0
785053,0
793419,0
787837,0
790082,0
787192,0
786736,0
783744,0
786094,0
790468,0
790947,0
785665,0
784130,0
794080,0
786702,0
787788,0
784274,0
781291,1
785442,0
789428,0
793117,0
784547,0
791424,0
792615,1
780980,1
787791,0
783904,0
794549,1
786158,0
790854,0
781413,1
793776,0
786303,0
794311,0
787239,0
789971,0
790282,0
794413,1
782741,0
784621,0
788924,0
794630,1
783873,0
792005,0
782954,0
786573,0
785944,0
782836,0
790053,0
788968,0
783321,0
791896,0
783615,0
788121,0
780628,1
784791,0
784712,0
793912,0
782161,0
793012,0
795093,1
785656,0
784857,0
780491,1
786110,0
794091,0
781835,1
787806,0
780946,1
787410,0
786954,0
785938,0
781186,1
781606,1
785167,0
781686,1
788340,0
794984,1
787634,0
785373,0
789922,0
792503,1
780320,1
794169,0
781645,1
793105,0
788896,0
783118,0
780586,1
794273,0
787708,0
783637,0
788928,0
794051,0
790224,0
785054,0
786340,0
789100,0
788521,0
785536,0
783306,0
781077,1
791082,0
789932,0
787932,0
792976,0
788133,0
781259,1
781205,1
785377,0
792569,1
790418,0
791047,0
781174,1
794852,1
790824,0
785611,0
785175,0
788754,0
786227,0
782664,0
786784,0
789907,0
782353,0
790997,0
783493,0
790996,0
785676,0
784823,0
793298,0
786184,0
780620,1
790341,0
787079,0
791254,0
787595,0
794563,1
794442,1
786074,0
791885,0
786747,0
783630,0
791806,0
785942,0
788036,0
788115,0
783617,0
792751,1
780670,1
780591,1
783013,0
791295,0
791643,0
792175,1
785548,0
783952,0
786080,0
791641,0
792234,1
782532,0
780179,1
783385,0
789903,0
781054,1
793666,0
785002,0
794904,1
782760,0
795145,1
784969,0
785438,0
782683,0
788290,0
791798,0
782261,0
791564,0
785728,0
782496,0
790656,0
784994,0
791341,0
783812,0
782564,0
793077,0
781213,1
784761,0
782867,0
792402,1
787961,0
785534,0
792283,1
793337,0
792139,0
783545,0
789446,0
785371,0
793969,0
791661,0
788598,0
794870,1
790164,0
784011,0
786175,0
788571,0
788639,0
782164,0
794422,1
792697,1
780275,1
795117,1
790808,0
783084,0
793200,0
788786,0
788273,0
780425,1
792101,0
783190,0
783798,0
782781,0
792016,0
784685,0
793297,0
782761,0
788399,0
789809,0
789177,0
785422,0
790144,0
783339,0
786314,0
790457,0
785819,0
794026,0
791327,0
793080,0
788901,0
782905,0
780171,1
789825,0
789242,0
788830,0
794017,0
782512,0
786293,0
786357,0
788905,0
795149,1
781955,1
789233,0
781059,1
789389,0
784906,0
792934,1
791449,0
782237,0
791795,0
789418,0
782367,0
781727,1
784924,0
789556,0
790454,0
788560,0
794914,1
781399,1
782671,0
794038,0
793293,0
790962,0
786607,0
793600,0
793729,0
791433,0
791369,0
794320,0
794103,0
794541,1
787628,0
785251,0
791537,0
780760,1
786498,0
794132,0
792622,1
787874,0
783629,0
794393,1
780370,1
795097,1
788728,0
794254,0
793023,0
793427,0
780479,1
788982,0
783467,0
789754,0
790729,0
790448,0
783447,0
782309,0
785029,0
788662,0
791618,0
786240,0
790816,0
781921,1
788741,0
791893,0
789444,0
791985,0
792150,0
782423,0
792994,0
787039,0
789605,0
785171,0
789363,0
791134,0
784995,0
787993,0
781275,1
792731,1
781475,1
789040,0
791191,0
784033,0
793797,0
788017,0
791687,0
791153,0
780340,1
783366,0
784195,0
791006,0
789832,0
784346,0
784353,0
784102,0
792355,1
790566,0
783365,0
792259,1
782828,0
790641,0
787037,0
791025,0
792531,1
790903,0
782477,0
780525,1
784980,0
782467,0
789639,0
789469,0
782653,0
786604,0
793133,0
787952,0
790785,0
790339,0
784143,0
791807,0
782921,0
784981,0
787354,0
792694,1
793288,0
792713,1
783268,0
783897,0
785578,0
785809,0
784197,0
781239,1
789105,0
791220,0
789631,0
784115,0
794475,1
788758,0
787775,0
781699,1
784301,0
783760,0
783832,0
781377,1
781510,1
783359,0
781872,1
784854,0
792233,1
788986,0
786000,0
788421,0
787411,0
792791,1
790934,0
780537,1
795102,1
790838,0
791125,0
794262,0
782173,0
786799,0
780463,1
790186,0
789034,0
793572,0
786641,0
793688,0
784481,0
784708,0
789857,0
784898,0
792115,0
781082,1
793338,0
783711,0
788077,0
782972,0
782383,0
787018,0
793771,0
792552,1
780302,1
794619,1
784801,0
790820,0
791836,0
781502,1
784187,0
792723,1
790926,0
782105,1
785369,0
780505,1
782832,0
787785,0
787288,0
786330,0
793926,0
781866,1
792712,1
790594,0
788215,0
794884,1
793074,0
788702,0
792534,1
790438,0
780166,1
793618,0
794300,0
791166,0
780685,1
787210,0
782605,0
783358,0
787609,0
791321,0
790131,0
783830,0
781895,1
788566,0
785419,0
788933,0
790426,0
785100,0
794728,1
788998,0
780720,1
790691,0
780183,1
785004,0
780273,1
782968,0
788047,0
781622,1
792780,1
786360,0
793817,0
792587,1
794913,1
781079,1
780512,1
783570,0
787489,0
784619,0
780884,1
782965,0
783136,0
794030,0
780231,1
783971,0
782486,0
780562,1
790896,0
793409,0
791547,0
790006,0
785174,0
784147,0
782650,0
784344,0
781899,1
789349,0
785523,0
783210,0
789368,0
787872,0
789300,0
789493,0
786721,0
793947,0
789436,0
794094,0
780253,1
782271,0
786583,0
793825,0
792948,0
787968,0
783530,0
784252,0
793704,0
785978,0
788971,0
780432,1
790054,0
790891,0
782251,0
792425,1
791541,0
794680,1
782453,0
788412,0
787953,0
784378,0
786552,0
781378,1
781874,1
786834,0
793229,0
783228,0
783607,0
792229,1
783932,0
782021,1
780254,1
781882,1
788895,0
788852,0
788651,0
785961,0
791722,0
785898,0
783187,0
791361,0
793943,0
794013,0
780607,1
789291,0
789294,0
789989,0
791298,0
792943,0
789240,0
786422,0
789388,0
786541,0
784342,0
789621,0
795039,1
782903,0
785654,0
786545,0
794177,0
784527,0
784562,0
784328,0
789529,0
787186,0
789275,0
791244,0
794593,1
781732,1
781365,1
792864,1
780325,1
780202,1
790014,0
784615,0
791114,0
780551,1
780901,1
783857,0
793933,0
785915,0
791957,0
793464,0
785015,0
783626,0
785259,0
787237,0
788691,0
792043,0
786429,0
785456,0
789696,0
789577,0
784834,0
784262,0
781918,1
789332,0
786013,0
787040,0
785866,0
793660,0
791261,0
792079,0
783250,0
786051,0
785988,0
783073,0
785716,0
792833,1
783841,0
785762,0
783222,0
784396,0
788253,0
789745,0
788014,0
790557,0
782647,0
791210,0
783480,0
788268,0
789913,0
786109,0
782233,0
783215,0
794898,1
785250,0
794588,1
794772,1
794853,1
792423,1
781802,1
790712,0
792522,1
790658,0
780776,1
783998,0
790895,0
794703,1
790145,0
785088,0
789171,0
782829,0
788991,0
789025,0
784805,0
784061,0
786052,0
783634,0
780160,1
782948,0
782341,0
789191,0
782651,0
780602,1
786459,0
786684,0
790188,0
789204,0
793186,0
790756,0
782450,0
780333,1
787202,0
783466,0
791665,0
792700,1
788413,0
787569,0
784098,0
789473,0
781472,1
791824,0
791608,0
787980,0
786724,0
784872,0
784952,0
784280,0
780924,1
790489,0
787766,0
780436,1
783259,0
794802,1
794746,1
780478,1
791275,0
783730,0
784543,0
781643,1
792640,1
793531,0
788173,0
791664,0
789210,0
789090,0
785491,0
787403,0
791965,0
783195,0
794098,0
792801,1
793950,0
790083,0
782635,0
785112,0
785648,0
783698,0
787127,0
783165,0
789603,0
792418,1
782063,1
789061,0
787035,0
782087,1
784526,0
784974,0
783345,0
788500,0
784600,0
793089,0
781129,1
785368,0
794968,1
784432,0
787334,0
792323,1
789764,0
792709,1
784819,0
786325,0
786614,0
794232,0
788089,0
791879,0
787937,0
784873,0
794093,0
792344,1
788377,0
790743,0
789062,0
792519,1
794952,1
786996,0
786347,0
793558,0
786072,0
790886,0
784385,0
788407,0
783973,0
781585,1
794590,1
783799,0
783660,0
786866,0
790677,0
789795,0
789630,0
788809,0
791239,0
788435,0
792899,1
790444,0
781369,1
781462,1
794690,1
785307,0
791425,0
785037,0
793214,0
783636,0
780329,1
782503,0
789137,0
780609,1
794269,0
783947,0
781849,1
780215,1
790529,0
792631,1
786909,0
786386,0
793144,0
785292,0
788755,0
791949,0
786150,0
789205,0
788317,0
792819,1
787082,0
784984,0
788875,0
787892,0
788822,0
793422,0
790208,0
781836,1
786247,0
780947,1
794708,1
789337,0
792958,0
783538,0
787452,0
780785,1
780715,1
789886,0
794912,1
783257,0
793040,0
789103,0
781563,1
786656,0
788157,0
787428,0
785012,0
792456,1
793800,0
792473,1
785524,0
790781,0
787605,0
788501,0
790376,0
789908,0
790260,0
791257,0
792653,1
783107,0
791224,0
783728,0
794846,1
780559,1
786643,0
793977,0
783197,0
787357,0
786042,0
792176,1
787658,0
790480,0
794165,0
782557,0
790455,0
783028,0
789641,0
787963,0
785749,0
790395,0
780835,1
790804,0
781230,1
790690,0
789496,0
792065,0
789311,0
790327,0
791773,0
791800,0
780899,1
794787,1
787068,0
794467,1
791862,0
788773,0
780742,1
786976,0
782172,0
786122,0
789899,0
787000,0
791923,0
787257,0
786706,0
785925,0
782601,0
782096,1
784398,0
792453,1
790783,0
786763,0
780625,1
782747,0
790204,0
785736,0
789634,0
789943,0
792906,1
792792,1
784183,0
791212,0
793494,0
791170,0
783933,0
782247,0
786075,0
783079,0
780738,1
794529,1
790401,0
781996,1
793017,0
787794,0
793421,0
794079,0
783844,0
782388,0
784559,0
784291,0
791873,0
790645,0
788449,0
791964,0
793646,0
794332,0
790387,0
790048,0
791089,0
785965,0
786310,0
791520,0
789622,0
788422,0
781145,1
789791,0
791780,0
786938,0
782073,1
786497,0
791408,0
792421,1
794276,0
780963,1
795130,1
794216,0
786222,0
793042,0
786894,0
792052,0
785515,0
789882,0
788072,0
791883,0
788637,0
794929,1
792130,0
781814,1
785705,0
789756,0
788801,0
784665,0
789102,0
789089,0
793916,0
794932,1
787677,0
792732,1
784404,0
782460,0
787666,0
783990,0
781807,1
785996,0
789851,0
789029,0
788246,0
785791,0
786551,0
793641,0
786020,0
783106,0
789888,0
788199,0
788555,0
792669,1
793875,0
782278,0
786627,0
789461,0
785380,0
784214,0
790139,0
788733,0
794181,0
794943,1
787780,0
789070,0
788766,0
780155,1
794333,0
788217,0
787564,0
786177,0
782335,0
795019,1
794673,1
783263,0
782186,0
790748,0
786493,0
789737,0
786749,0
790241,0
786854,0
785338,0
785521,0
785871,0
782406,0
791845,0
787423,0
787462,0
788456,0
788891,0
789777,0
787325,0
790646,0
785485,0
783008,0
788451,0
786467,0
792555,1
790062,0
790660,0
790272,0
784828,0
792611,1
792869,1
783585,0
784756,0
790081,0
792760,1
792265,1
782221,0
791049,0
782807,0
784758,0
791056,0
795014,1
787669,0
791961,0
781122,1
781750,1
791956,0
782734,0
782136,1
785854,0
791283,0
780540,1
784919,0
787840,0
785172,0
792980,0
780467,1
791163,0
790434,0
792162,1
781480,1
792876,1
789302,0
788638,0
791217,0
790899,0
784200,0
780757,1
793561,0
791904,0
786285,0
788284,0
793401,0
783486,0
784050,0
787323,0
781520,1
789310,0
781405,1
791653,0
793619,0
785252,0
784496,0
793988,0
787339,0
786753,0
782264,0
788073,0
784367,0
780577,1
791590,0
788964,0
789197,0
781263,1
795006,1
793844,0
780789,1
780400,1
789203,0
781959,1
794209,0
783869,0
780848,1
786338,0
793755,0
781388,1
786011,0
781668,1
794972,1
787512,0
794358,0
781163,1
780222,1
783554,0
784256,0
781330,1
790806,0
790929,0
789690,0
788201,0
789842,0
781951,1
784239,0
785470,0
783769,0
784555,0
791122,0
792187,1
780193,1
789711,0
792154,1
788228,0
785126,0
786974,0
786637,0
787103,0
785908,0
784155,0
785358,0
782154,0
786507,0
792596,1
780957,1
790819,0
790360,0
789747,0
791516,0
782604,0
784226,0
784361,0
789782,0
782489,0
782623,0
784774,0
793821,0
784180,0
793458,0
782177,0
794875,1
792185,1
793505,0
783163,0
785234,0
788274,0
783996,0
787814,0
794437,1
794490,1
784503,0
794769,1
791606,0
780322,1
787959,0
780369,1
793311,0
787539,0
784221,0
789828,0
783435,0
792200,1
789030,0
793433,0
789114,0
794810,1
794998,1
787225,0
788722,0
787640,0
787798,0
781052,1
780336,1
793197,0
783065,0
794360,0
782297,0
783885,0
782240,0
793727,0
789798,0
783231,0
781840,1
787899,0
790579,0
781920,1
780744,1
782075,1
790592,0
781769,1
794981,1
785055,0
781266,1
785699,0
780690,1
789833,0
785631,0
789200,0
790220,0
785513,0
789471,0
793281,0
793424,0
790375,0
785939,0
795109,1
780546,1
784493,0
780445,1
790109,0
792666,1
790855,0
794871,1
790894,0
783408,0
791876,0
792952,0
783684,0
791489,0
785563,0
789519,0
785990,0
794380,1
791706,0
792151,0
787955,0
788269,0
794499,1
786453,0
784178,0
785320,0
787182,0
781892,1
795051,1
790198,0
784499,0
788593,0
782336,0
784123,0
791018,0
787100,0
789033,0
793587,0
786375,0
780617,1
794285,0
789190,0
783763,0
780265,1
794246,0
782239,0
785228,0
781900,1
792394,1
787425,0
783905,0
790759,0
780187,1
783994,0
792144,0
790629,0
783031,0
791434,0
785724,0
783804,0
790105,0
781524,1
786362,0
784345,0
790421,0
782422,0
794643,1
793182,0
790497,0
781020,1
786179,0
790278,0
780167,1
787881,0
789482,0
782923,0
789686,0
788812,0
794845,1
785348,0
792457,1
793586,0
792140,0
790967,0
789330,0
788532,0
791044,0
787951,0
783810,0
793109,0
784489,0
786045,0
788086,0
791554,0
794839,1
789068,0
789008,0
789901,0
784868,0
791929,0
786880,0
781714,1
790389,0
794597,1
793488,0
794022,0
782611,0
790172,0
790944,0
789959,0
788512,0
788746,0
790825,0
781811,1
791544,0
781522,1
789758,0
792235,1
787027,0
786970,0
783034,0
792825,1
792834,1
780809,1
789669,0
792363,1
785258,0
786238,0
790546,0
791476,0
783521,0
782629,0
789541,0
785137,0
783697,0
791124,0
788393,0
784939,0
782558,0
782630,0
782814,0
783185,0
788523,0
794489,1
784136,0
790308,0
788778,0
790991,0
790527,0
780235,1
781178,1
789757,0
792471,1
783523,0
788315,0
782302,0
788949,0
789635,0
788697,0
792606,1
785923,0
794176,0
787805,0
781154,1
791871,0
790698,0
788142,0
784004,0
791562,0
790296,0
791851,0
784858,0
792590,1
794082,0
782206,0
784281,0
780319,1
788908,0
781002,1
786416,0
780687,1
782518,0
782274,0
781634,1
789296,0
794361,0
787305,0
781047,1
782329,0
787215,0
782135,1
793993,0
794551,1
781635,1
782670,0
784840,0
783317,0
785115,0
787684,0
792744,1
795144,1
784556,0
788876,0
783803,0
786107,0
783539,0
789049,0
792588,1
794857,1
788165,0
792835,1
788946,0
794317,0
782010,1
781351,1
785135,0
787259,0
792888,1
780399,1
790695,0
785528,0
794928,1
788029,0
793000,0
782771,0
790919,0
788084,0
789909,0
780198,1
780663,1
782768,0
792045,0
794018,0
793852,0
790859,0
790887,0
792884,1
785281,0
791507,0
789972,0
793616,0
789602,0
788670,0
789650,0
782141,1
792682,1
785102,0
785616,0
792009,0
780287,1
780583,1
783087,0
789255,0
787058,0
784982,0
784039,0
781195,1
790397,0
782109,1
791035,0
781237,1
784210,0
783140,0
792720,1
787429,0
791314,0
788846,0
783346,0
788955,0
781503,1
785117,0
786023,0
781640,1
786994,0
784752,0
784946,0
782171,0
783173,0
786659,0
790620,0
780426,1
787896,0
787229,0
792118,0
780352,1
787385,0
787914,0
784245,0
785489,0
784661,0
782556,0
782591,0
791474,0
794195,0
791313,0
794396,1
792687,1
782970,0
790846,0
783150,0
785765,0
793487,0
781089,1
782056,1
789717,0
780985,1
786157,0
790521,0
791579,0
781024,1
785192,0
787558,0
787553,0
793930,0
781327,1
783661,0
794793,1
787340,0
787110,0
788099,0
787973,0
788271,0
781235,1
786283,0
787623,0
784250,0
782419,0
786917,0
786172,0
791169,0
783714,0
791097,0
783577,0
780563,1
781349,1
792208,1
783654,0
780581,1
792024,0
790703,0
783496,0
788305,0
784341,0
780872,1
789834,0
785000,0
795103,1
786286,0
789087,0
787301,0
788520,0
793183,0
790217,0
793345,0
785794,0
787245,0
782116,1
792437,1
790135,0
783795,0
794546,1
783177,0
783702,0
781478,1
785104,0
788425,0
784320,0
792294,1
783524,0
780451,1
791598,0
792836,1
792800,1
783168,0
786518,0
795003,1
785626,0
782688,0
794218,0
787976,0
781342,1
792472,1
791704,0
780271,1
787247,0
788431,0
787031,0
782866,0
781875,1
793189,0
791029,0
790815,0
788734,0
791136,0
784742,0
787808,0
784106,0
788137,0
787858,0
780528,1
787554,0
786972,0
780856,1
789781,0
783926,0
782500,0
786450,0
785024,0
790437,0
792274,1
791389,0
781602,1
787171,0
787487,0
786148,0
789843,0
790770,0
789212,0
793966,0
783986,0
791754,0
794394,1
787390,0
784258,0
783903,0
785982,0
781786,1
784817,0
794867,1
781582,1
790794,0
782462,0
783856,0
784162,0
784354,0
791317,0
793824,0
784581,0
795120,1
780185,1
782276,0
792717,1
790746,0
791510,0
788400,0
788988,0
790591,0
782959,0
792635,1
781449,1
789667,0
786280,0
791351,0
787615,0
781060,1
786464,0
787516,0
794648,1
786813,0
786389,0
794152,0
782706,0
785145,0
783362,0
791048,0
780263,1
786484,0
781853,1
781935,1
790002,0
783058,0
781130,1
789625,0
789399,0
783619,0
788034,0
789876,0
790133,0
793269,0
786165,0
783046,0
788844,0
789532,0
781560,1
782853,0
789720,0
790307,0
791259,0
788183,0
784267,0
792919,1
783741,0
790884,0
787213,0
786433,0
790045,0
786991,0
780548,1
788024,0
787876,0
782790,0
783451,0
791551,0
785184,0
790642,0
781751,1
793571,0
784959,0
780969,1
787355,0
784935,0
783723,0
784614,0
794477,1
784164,0
793085,0
793356,0
785300,0
786840,0
793919,0
780763,1
781664,1
790155,0
782711,0
787108,0
793081,0
792271,1
794687,1
782737,0
786102,0
791887,0
788140,0
794166,0
780915,1
782625,0
793815,0
789101,0
787905,0
795135,1
787735,0
783427,0
787586,0
785564,0
781773,1
793785,0
795069,1
791394,0
783221,0
785629,0
791426,0
785124,0
787577,0
794531,1
787667,0
794310,0
784824,0
788198,0
782686,0
784892,0
787217,0
787400,0
794570,1
783426,0
780805,1
784455,0
788985,0
789080,0
795101,1
789524,0
791498,0
793564,0
790880,0
794045,0
780631,1
788737,0
791201,0
790910,0
780255,1
781309,1
781535,1
791495,0
794935,1
794428,1
787562,0
783148,0
793985,0
780799,1
785431,0
788200,0
788577,0
783356,0
781609,1
791861,0
791204,0
786313,0
793469,0
787944,0
783862,0
788877,0
782766,0
780695,1
792206,1
783640,0
783556,0
786495,0
786887,0
791066,0
785194,0
780893,1
794576,1
785511,0
787349,0
789716,0
782296,0
782032,1
786803,0
792528,1
794799,1
780485,1
794249,0
782438,0
789993,0
780866,1
783144,0
786144,0
785859,0
791513,0
794983,1
790718,0
790782,0
792817,1
789133,0
784107,0
794511,1
788452,0
780991,1
793127,0
794113,0
786978,0
786586,0
793971,0
785877,0
783597,0
794147,0
792439,1
785558,0
780896,1
782117,1
786104,0
787073,0
781294,1
791522,0
793914,0
786040,0
789509,0
794339,0
794699,1
793018,0
794406,1
787469,0
783557,0
780682,1
790306,0
789393,0
783507,0
786651,0
794479,1
795036,1
791041,0
785333,0
791960,0
785232,0
784954,0
787359,0
786529,0
792983,0
792174,1
786877,0
787895,0
792618,1
792702,1
785590,0
795085,1
795040,1
788862,0
782600,0
788335,0
788299,0
782269,0
788389,0
789221,0
782608,0
784754,0
781335,1
793837,0
786355,0
784920,0
784480,0
790616,0
789563,0
790742,0
790128,0
784692,0
787647,0
793078,0
784890,0
785574,0
787978,0
780773,1
787002,0
794501,1
791672,0
788884,0
783374,0
782596,0
789733,0
789460,0
784978,0
793520,0
788554,0
787177,0
790861,0
786886,0
788562,0
793897,0
780337,1
794966,1
792856,1
785201,0
789077,0
786864,0
783061,0
792747,1
793607,0
788547,0
786116,0
789770,0
783442,0
787442,0
789704,0
789583,0
787842,0
784012,0
785814,0
787467,0
793240,0
786845,0
790003,0
780828,1
784465,0
788974,0
784055,0
781073,1
792125,0
781334,1
786618,0
793221,0
791777,0
780373,1
780710,1
785811,0
781479,1
785114,0
787454,0
791998,0
783295,0
784165,0
790522,0
794141,0
783211,0
782483,0
789503,0
792974,0
792488,1
780730,1
784795,0
784968,0
795110,1
792604,1
791446,0
781817,1
784811,0
786471,0
787521,0
787164,0
780876,1
794783,1
792242,1
794903,1
781305,1
790936,0
790731,0
788672,0
780599,1
781943,1
787048,0
790350,0
788060,0
783421,0
781096,1
782320,0
786115,0
782485,0
785910,0
781027,1
791344,0
788841,0
784845,0
791952,0
781467,1
790194,0
790626,0
788851,0
790539,0
783644,0
794548,1
784046,0
792962,0
786089,0
784389,0
787991,0
783965,0
793731,0
783052,0
782285,0
793575,0
794794,1
781778,1
785202,0
789252,0
781389,1
784090,0
784658,0
786773,0
783589,0
793781,0
794193,0
784426,0
792511,1
781507,1
781131,1
793172,0
781249,1
788874,0
781170,1
784869,0
793403,0
781857,1
783258,0
786253,0
786837,0
793500,0
789345,0
782227,0
783400,0
785655,0
793118,0
789761,0
784787,0
784931,0
789178,0
782219,0
781660,1
788887,0
792630,1
789412,0
781718,1
794718,1
794918,1
781754,1
780473,1
789609,0
790623,0
788612,0
783647,0
786485,0
790406,0
784300,0
788160,0
794730,1
785434,0
792084,0
789831,0
780415,1
793307,0
783775,0
785287,0
786624,0
790115,0
783639,0
785849,0
783253,0
787294,0
788475,0
784943,0
780283,1
794081,0
794679,1
789674,0
785747,0
790531,0
793801,0
782243,0
792102,0
786366,0
791833,0
781176,1
792422,1
783360,0
788069,0
793016,0
791779,0
789249,0
789568,0
789682,0
787818,0
785867,0
794603,1
783336,0
794917,1
780262,1
782594,0
784198,0
782674,0
783412,0
788602,0
789237,0
794417,1
786173,0
788260,0
785033,0
788680,0
785221,0
781119,1
792782,1
782097,1
787686,0
792339,1
780247,1
792452,1
787922,0
782763,0
787540,0
789039,0
780371,1
784054,0
780211,1
794183,0
782700,0
784383,0
793465,0
790415,0
786590,0
788063,0
787703,0
780613,1
791814,0
790369,0
793713,0
791364,0
786434,0
791420,0
791119,0
789304,0
783267,0
780550,1
793530,0
793400,0
793323,0
782527,0
789154,0
787017,0
786266,0
790443,0
783026,0
788236,0
791382,0
787765,0
788622,0
780482,1
781938,1
780964,1
782130,1
794212,0
780765,1
781434,1
787496,0
791374,0
794061,0
788916,0
785527,0
790146,0
790649,0
792076,0
794206,0
784511,0
794709,1
788557,0
783674,0
791384,0
794974,1
783722,0
792914,1
790219,0
791905,0
792424,1
788041,0
782181,0
789559,0
784181,0
787854,0
784505,0
785559,0
780487,1
794900,1
790516,0
782844,0
788107,0
787916,0
787498,0
793426,0
783631,0
783147,0
792014,0
783373,0
791329,0
791209,0
782816,0
789960,0
783843,0
789948,0
781883,1
782774,0
783985,0
792440,1
788120,0
782950,0
793130,0
794589,1
781318,1
781603,1
792510,1
791130,0
788789,0
790134,0
788635,0
784421,0
792551,1
782095,1
784041,0
787535,0
795005,1
791050,0
781499,1
783126,0
784038,0
786363,0
788641,0
788489,0
781360,1
788235,0
780576,1
780706,1
782106,1
792143,0
789407,0
781663,1
793864,0
789206,0
789031,0
791907,0
789925,0
785231,0
792290,1
786277,0
794583,1
788128,0
789666,0
782748,0
787375,0
780725,1
785784,0
789689,0
788179,0
795090,1
783858,0
787743,0
792507,1
784569,0
789231,0
781735,1
780220,1
788552,0
793718,0
790215,0
783420,0
793480,0
782607,0
781747,1
788779,0
790814,0
790343,0
785741,0
787009,0
788973,0
780397,1
789525,0
787055,0
783768,0
784279,0
790464,0
784781,0
791456,0
789878,0
780825,1
784553,0
788516,0
790602,0
789536,0
790577,0
783850,0
787146,0
782577,0
786010,0
792632,1
792220,1
784062,0
786821,0
791470,0
792465,1
794962,1
789037,0
786308,0
785130,0
787719,0
788166,0
787143,0
782188,0
792029,0
785986,0
783167,0
787676,0
785718,0
781579,1
783653,0
784488,0
792749,1
784440,0
786527,0
781565,1
780266,1
794633,1
784073,0
780382,1
787974,0
785325,0
790571,0
782898,0
792103,0
791771,0
781672,1
784236,0
793253,0
780366,1
794260,0
787407,0
787476,0
783969,0
789449,0
782639,0
793854,0
792706,1
782334,0
794543,1
794961,1
784638,0
794175,0
784916,0
784402,0
785196,0
792281,1
787091,0
793953,0
790830,0
785269,0
788938,0
791737,0
785402,0
794019,0
792105,0
781650,1
789123,0
790213,0
790362,0
784372,0
794046,0
790736,0
788881,0
786836,0
782207,0
791594,0
782210,0
788659,0
792152,1
792509,1
784782,0
791978,0
789590,0
783474,0
784566,0
790777,0
780635,1
785532,0
792348,1
783145,0
789081,0
790987,0
792574,1
786299,0
788127,0
791832,0
786278,0
782198,0
784100,0
791990,0
786477,0
785042,0
786999,0
789992,0
793730,0
782499,0
787406,0
785272,0
784192,0
787711,0
789840,0
795084,1
784654,0
781566,1
780651,1
780820,1
793030,0
793496,0
783907,0
784760,0
786481,0
782637,0
786500,0
791508,0
780455,1
793224,0
781855,1
792032,0
784883,0
785386,0
783699,0
786073,0
781194,1
790774,0
783076,0
791717,0
787272,0
786085,0
792108,0
784257,0
784945,0
791925,0
793870,0
784343,0
783280,0
793366,0
793208,0
782851,0
786079,0
787386,0
791444,0
781220,1
788921,0
795067,1
782622,0
791739,0
792733,1
780705,1
788231,0
787797,0
793075,0
785855,0
785816,0
782918,0
789472,0
791714,0
788161,0
790228,0
789281,0
788243,0
786957,0
792326,1
793217,0
783936,0
788432,0
783729,0
785303,0
785136,0
780572,1
784599,0
783974,0
784971,0
781648,1
781199,1
791769,0
788871,0
781008,1
789974,0
784096,0
788344,0
783449,0
794265,0
785666,0
790091,0
794498,1
789990,0
787841,0
786709,0
787024,0
780972,1
781795,1
787369,0
788503,0
782783,0
780259,1
790481,0
780519,1
788368,0
780568,1
782572,0
780881,1
793778,0
784322,0
786341,0
792904,1
790537,0
785930,0
786358,0
782540,0
792771,1
785046,0
786738,0
788591,0
785246,0
784899,0
780662,1
780852,1
786831,0
791287,0
782780,0
783831,0
781429,1
785378,0
782182,0
785223,0
780191,1
782043,1
788026,0
784937,0
783573,0
784263,0
787773,0
790666,0
783132,0
785153,0
792830,1
781455,1
784770,0
787860,0
791138,0
780498,1
787527,0
788682,0
789895,0
780626,1
789012,0
786728,0
790089,0
792922,1
793468,0
780474,1
785397,0
785105,0
791399,0
787972,0
782906,0
789664,0
793783,0
783666,0
786057,0
781123,1
786850,0
790346,0
788813,0
792247,1
786265,0
791014,0
794721,1
781353,1
782879,0
787551,0
787947,0
794891,1
780188,1
793095,0
784902,0
786892,0
794816,1
787085,0
785335,0
790617,0
789121,0
792783,1
791813,0
788611,0
783242,0
792384,1
781440,1
783183,0
794807,1
783129,0
782552,0
794162,0
794660,1
794077,0
790076,0
781898,1
784277,0
787324,0
790074,0
784467,0
788270,0
791723,0
786133,0
791639,0
792060,0
784701,0
782659,0
783527,0
788462,0
787244,0
780362,1
793313,0
782102,1
784545,0
780803,1
782358,0
784627,0
782767,0
781548,1
791203,0
786061,0
784094,0
781822,1
782472,0
789661,0
794494,1
782104,1
787782,0
794713,1
783089,0
791009,0
791959,0
791187,0
794375,1
790298,0
780636,1
791252,0
781050,1
781884,1
794107,0
782765,0
786539,0
788930,0
786228,0
794702,1
784836,0
782792,0
781402,1
792849,1
791230,0
782587,0
785106,0
789939,0
795066,1
793508,0
784903,0
788704,0
794109,0
782455,0
785684,0
792096,0
792677,1
780734,1
787524,0
789963,0
780870,1
792486,1
791218,0
780914,1
783620,0
782022,1
792726,1
786224,0
786960,0
786988,0
780890,1
789906,0
792532,1
792686,1
787660,0
787655,0
791655,0
793764,0
794452,1
784176,0
794510,1
788455,0
780902,1
790482,0
793091,0
788229,0
784706,0
781991,1
785551,0
793693,0
781427,1
786802,0
790266,0
784611,0
794418,1
789697,0
790708,0
790809,0
790721,0
782416,0
788446,0
781688,1
784448,0
786931,0
786213,0
781521,1
780892,1
786952,0
784009,0
781340,1
793603,0
789753,0
781722,1
789784,0
790259,0
782679,0
782279,0
790225,0
782916,0
789340,0
791570,0
792790,1
789544,0
786170,0
790187,0
782133,1
793777,0
784246,0
791071,0
793929,0
794469,1
782209,0
784688,0
784837,0
793006,0
784156,0
791848,0
794894,1
794528,1
790475,0
790065,0
783586,0
789421,0
789977,0
786454,0
781862,1
794403,1
786438,0
793199,0
780714,1
790938,0
788059,0
780792,1
781821,1
783152,0
787459,0
793633,0
794665,1
782559,0
792718,1
788216,0
787948,0
793537,0
786088,0
795133,1
783062,0
784233,0
790100,0
792255,1
784895,0
794663,1
785275,0
783080,0
783318,0
784456,0
787912,0
780332,1
785222,0
792616,1
784705,0
782370,0
792469,1
782107,1
781209,1
789208,0
789858,0
785708,0
784588,0
781551,1
793001,0
789794,0
790681,0
785142,0
792199,1
790279,0
782386,0
785296,0
794172,0
792190,1
781362,1
783821,0
790588,0
782390,0
793266,0
790893,0
783100,0
791918,0
788539,0
794031,0
786368,0
792270,1
787402,0
786842,0
794277,0
785444,0
794292,0
781586,1
795132,1
780244,1
791536,0
791378,0
791278,0
791143,0
783621,0
793467,0
786596,0
785013,0
787611,0
794348,0
787588,0
790430,0
786746,0
790202,0
783601,0
789507,0
781236,1
788900,0
782929,0
791585,0
780580,1
785165,0
792605,1
792557,1
793956,0
790998,0
793978,0
782850,0
791710,0
790226,0
791451,0
780560,1
787672,0
793447,0
781760,1
790583,0
795068,1
784607,0
787815,0
791583,0
792593,1
789365,0
784093,0
780578,1
781101,1
790239,0
787471,0
783017,0
789168,0
794858,1
784308,0
788212,0
794349,0
786697,0
786060,0
787255,0
787996,0
781843,1
792986,0
792554,1
781573,1
786396,0
784368,0
780971,1
784766,0
784314,0
787590,0
783574,0
794828,1
794581,1
791648,0
784409,0
790043,0
780561,1
781437,1
784966,0
791783,0
786950,0
784507,0
793534,0
781243,1
788150,0
780225,1
791752,0
783737,0
784390,0
791370,0
786858,0
785903,0
780443,1
786236,0
793384,0
788430,0
791561,0
793975,0
782241,0
788025,0
781953,1
793903,0
791973,0
781728,1
781262,1
780470,1
790137,0
784190,0
793741,0
786346,0
781977,1
783298,0
785233,0
786984,0
783563,0
780296,1
789146,0
784713,0
787884,0
784127,0
789265,0
788075,0
793904,0
788765,0
785022,0
793733,0
791951,0
788408,0
787315,0
781982,1
792127,0
780237,1
794322,0
781371,1
787568,0
795017,1
789610,0
783876,0
785841,0
790460,0
791111,0
786750,0
793973,0
788959,0
780746,1
784790,0
789328,0
788424,0
783671,0
787812,0
788781,0
794694,1
794532,1
786139,0
780213,1
785875,0
788310,0
785304,0
790835,0
785242,0
784641,0
785772,0
792008,0
792530,1
793161,0
785018,0
793275,0
795037,1
786901,0
787196,0
791555,0
785645,0
784110,0
781110,1
780624,1
786112,0
781665,1
782442,0
792776,1
786119,0
784216,0
793918,0
781631,1
789684,0
788428,0
783051,0
786001,0
787252,0
786223,0
789241,0
787783,0
789642,0
790918,0
783860,0
789703,0
793286,0
789729,0
785391,0
789341,0
780643,1
790246,0
792786,1
783928,0
789755,0
789042,0
788661,0
780279,1
786524,0
793548,0
791269,0
789488,0
781416,1
787767,0
787850,0
791195,0
788105,0
787173,0
786905,0
790088,0
786744,0
780427,1
787983,0
794626,1
790652,0
781424,1
788320,0
789520,0
783753,0
790953,0
782049,1
792042,0
794283,0
785868,0
788088,0
786893,0
784186,0
794879,1
791308,0
784229,0
790864,0
785198,0
787419,0
782978,0
780867,1
790683,0
790261,0
783125,0
792894,1
781270,1
794143,0
783956,0
786442,0
784678,0
784494,0
789501,0
782468,0
789618,0
788011,0
784444,0
787900,0
791730,0
782610,0
790778,0
785557,0
785775,0
787829,0
792680,1
789131,0
786710,0
789187,0
790758,0
786912,0
793647,0
782016,1
792944,0
788226,0
783972,0
788909,0
781297,1
790404,0
794701,1
793502,0
780885,1
792221,1
785766,0
785321,0
783434,0
782609,0
790122,0
788867,0
786004,0
793579,0
785779,0
784897,0
792595,1
787296,0
789224,0
787042,0
792241,1
789515,0
791864,0
786688,0
785509,0
795108,1
794678,1
785706,0
788064,0
792558,1
787687,0
793745,0
789125,0
784381,0
787852,0
792429,1
790738,0
784812,0
792126,0
784907,0
785586,0
794642,1
792561,1
791539,0
781945,1
781844,1
784938,0
787693,0
793828,0
780645,1
792567,1
780309,1
794037,0
793272,0
781615,1
792607,1
791229,0
786300,0
789672,0
788911,0
782439,0
787682,0
783503,0
789998,0
781117,1
789555,0
786540,0
782404,0
789044,0
782730,0
780590,1
784594,0
788440,0
781766,1
784941,0
790311,0
789614,0
790378,0
793108,0
793258,0
780619,1
790231,0
788776,0
780908,1
793998,0
794744,1
782840,0
781242,1
787758,0
790784,0
785014,0
786261,0
785764,0
785541,0
781526,1
785702,0
782014,1
790324,0
785919,0
793643,0
785036,0
790520,0
788777,0
782030,1
794650,1
794448,1
792134,0
781271,1
788825,0
788780,0
792050,0
793696,0
794833,1
789741,0
782338,0
795078,1
790921,0
787185,0
784148,0
793802,0
784539,0
781584,1
791525,0
791010,0
788926,0
785052,0
782326,0
786930,0
794949,1
782254,0
790523,0
792693,1
782808,0
786911,0
793716,0
